John Doe,07700 123456,johndoe1@example.com
Jane Smith,07700 234567,janesmith2@example.com
Robert Johnson,07700 345678,robertjohnson3@example.com
Mary Brown,07700 456789,marybrown4@example.com
Michael Wilson,07700 567890,michaelwilson5@example.com
Emily Davis,07700 678901,emilydavis6@example.com
David White,07700 789012,davidwhite7@example.com
Sarah Anderson,07700 890123,sarahanderson8@example.com
Olivia Taylor,07700 901234,oliviataylor9@example.com
James Miller,07700 012345,jamesmiller10@example.com
